25331 hours ago, confluence.hq.takealot.com, ubuntu 16.04.
23378 hours ago, payment-proxy.hq.takealot.com, ubuntu 16.04.
23378 hours ago, github-proxy.hq.takealot.com, ubuntu 16.04.
23378 hours ago, oracle-proxy.hq.takealot.com, ubuntu 16.04.
14353 hours ago, cpt-sb-db01.hq.takealot.com, ubuntu 16.04.
9625 hours ago, security-gvm-01.stagealot.com, ubuntu 18.04.
4749 hours ago, jhb-dc1-scanprox02.jwh.takealot.com, ubuntu 20.04.
4285 hours ago, cpt-hq-ofrep01-new.hq.takealot.com, ubuntu 18.04.
4247 hours ago, cpt-hq-zabbix06-poc.hq.takealot.com, ubuntu 20.04.
4100 hours ago, hq-mysql-57-services-14-rev1.hq.takealot.com, ubuntu 20.04.
4096 hours ago, hq-mysql-57-services-12-rev1.hq.takealot.com, ubuntu 20.04.
4076 hours ago, q-take2-rev1.hq.takealot.com, ubuntu 20.04.
4028 hours ago, hq-mysql-57-auth-service.stagealot.com, ubuntu 20.04.
3052 hours ago, jhb-dc-fog01.hq.takealot.com, ubuntu 20.04.
3044 hours ago, cpt-hq-map01.hq.takealot.com, ubuntu 20.04.
2733 hours ago, cpt-dc-zabbix-proxy.cwh.takealot.com, ubuntu 20.04.
2705 hours ago, k8s-node-25.stagealot.com, ubuntu 20.04.
2686 hours ago, hq-postgresql-13-rev1.stagealot.com, ubuntu 20.04.
2686 hours ago, hq-mysql-57-services-12-weekly.stagealot.com, ubuntu 20.04.
2631 hours ago, cpt-dc-zabbix01.cwh.takealot.com, ubuntu 20.04.
2614 hours ago, k8s-node-23.stagealot.com, ubuntu 20.04.
2614 hours ago, k8s-node-24.stagealot.com, ubuntu 20.04.
2613 hours ago, selenium01-data-dump.stagealot.com, ubuntu 20.04.
2207 hours ago, cpt-sb-qv02-rev2.hq.takealot.com, ubuntu 22.04.
2182 hours ago, hq-postgres-13-services.hq.takealot.com, ubuntu 20.04.
2180 hours ago, hq-mysql-57-services-07-rev1.hq.takealot.com, ubuntu 20.04.
2178 hours ago, cpt-hq-pearl02.hq.takealot.com, ubuntu 20.04.
2177 hours ago, cpt-hq-kmime02.hq.takealot.com, ubuntu 20.04.
2105 hours ago, cpt-hq-repo01.hq.takealot.com, ubuntu 22.04.
1893 hours ago, cpt-hq-qvdb02.hq.takealot.com, ubuntu 16.04.
1892 hours ago, jhb-dc-scan10.jwh.takealot.com, ubuntu 20.04.
1887 hours ago, cpt-hq-smtp03.hq.takealot.com, ubuntu 20.04.
1865 hours ago, jhb-dc-checkmk.jwh.takealot.com, ubuntu 20.04.
1864 hours ago, jhb-dc-zabbix01.jwh.takealot.com, ubuntu 20.04.
1843 hours ago, cpt-hq-iam01.takealot.com, ubuntu 20.04.
1775 hours ago, cpt-hq-qvproc01.hq.takealot.com, ubuntu 16.04.
1775 hours ago, smtp.hq.takealot.com, ubuntu 20.04.
1774 hours ago, cpt-hq-qvproc02.hq.takealot.com, ubuntu 16.04.
1774 hours ago, cpt-sb-mbs01.hq.takealot.com, ubuntu 16.04.
1774 hours ago, cpt-hq-db01.hq.takealot.com, ubuntu 16.04.
1769 hours ago, cpt-hq-ns02.hq.takealot.com, ubuntu 16.04.
1769 hours ago, cpt-sb-qv02.hq.takealot.com, ubuntu 16.04.
1769 hours ago, atlassiandb.hq.takealot.com, ubuntu 18.04.
1768 hours ago, cpt-hq-dhcp01.hq.takealot.com, ubuntu 16.04.
1768 hours ago, cpt-hq-confluence01.hq.takealot.com, ubuntu 18.04.
1766 hours ago, cpt-hq-knime01.hq.takealot.com, ubuntu 16.04.
1751 hours ago, cpt-hq-storage.hq.takealot.com, ubuntu 22.04.
1702 hours ago, cpt-hq-knime02.hq.takealot.com, ubuntu 20.04.
1701 hours ago, cpt-hq-mrdproc02.hq.takealot.com, ubuntu 18.04.
1701 hours ago, smtp.stagealot.com, ubuntu 20.04.
1700 hours ago, cpt-hq-iam01.hq.takealot.com, ubuntu 20.04.
1700 hours ago, cpt-hq-smtp02.hq.takealot.com, ubuntu 20.04.
1700 hours ago, cpt-hq-fog01.hq.takealot.com, ubuntu 20.04.
1679 hours ago, cpt-hq-psql-payflex.hq.takealot.com, ubuntu 20.04.
1679 hours ago, hq-mysql-57-services-03.hq.takealot.com, ubuntu 18.04.
1675 hours ago, cpt-hq-es01.hq.takealot.com, ubuntu 20.04.
1674 hours ago, cpt-hq-oracledb01.hq.takealot.com, ubuntu 20.04.
1674 hours ago, qvdb02-mrdfood.hq.takealot.com, ubuntu 18.04.
1674 hours ago, cpt-hq-graphite01.hq.takealot.com, ubuntu 20.04.
1674 hours ago, hq-mysql-8-newsletter-integration.hq.takealot.com, ubuntu 20.04.
1674 hours ago, hq-mysql-8-supplier-product-management-service.hq.takealot.com, ubuntu 20.04.
1674 hours ago, cpt-hq-ofrep01.hq.takealot.com, ubuntu 18.04.
1674 hours ago, xoa.hq.takealot.com, ubuntu 20.04.
1674 hours ago, cpt-hq-es03.hq.takealot.com, ubuntu 20.04.
1672 hours ago, cpt-hq-appstore.hq.takealot.com, ubuntu 22.04.
1585 hours ago, cpt-dc-dhcp03.cwh.takealot.com, ubuntu 20.04.
1554 hours ago, cpt-hq-jira01.hq.takealot.com, ubuntu 18.04.
1554 hours ago, jira.hq.takealot.com, ubuntu 18.04.
1507 hours ago, cpt-sb-mbs01-new.hq.takelot.com, ubuntu 22.04.
1497 hours ago, cpt-dc-ns01.cwh.takealot.com, ubuntu 20.04.
1413 hours ago, k122-etcd-03.stagealot.com, ubuntu 20.04.
1412 hours ago, k8s-lb-01.stagealot.com, ubuntu 20.04.
1412 hours ago, cpt-hq-otaudit.stagealot.com, ubuntu 20.04.
1390 hours ago, cpt-dc-dhcp01.cwh.takealot.com, ubuntu 20.04.
1370 hours ago, cpt-dc-radius02.cwh.takealot.com, ubuntu 20.04.
1248 hours ago, cpt-hq-checkmk.hq.takealot.com, ubuntu 20.04.
1234 hours ago, cpt-dc-ntp01.cwh.takealot.com, ubuntu 20.04.
1224 hours ago, cpt-hq-ofrep01-rev1.hq.takealot.com, ubuntu 20.04.
1221 hours ago, jhb-dc-fog01.jwh.takealot.com, ubuntu 20.04.
1221 hours ago, jhb-dc-dhcp03.jwh.takealot.com, ubuntu 20.04.
1221 hours ago, jhb-dc-smtp02.jwh.takealot.com, ubuntu 20.04.
1020 hours ago, cpt-hq-sftp01.hq.takealot.com, ubuntu 18.04.
926 hours ago, cpt-dc-ns03.cwh.takealot.com, ubuntu 20.04.
866 hours ago, cpt-sb-qv02-replacement.hq.takealot.com, ubuntu 22.04.
767 hours ago, cpt-dc1-scanprox02.cwh.takealot.com, ubuntu 20.04.
737 hours ago, hq-take2.hq.takealot.com, ubuntu 16.04.
736 hours ago, cpt-hq-db02.hq.takealot.com, ubuntu 16.04.
720 hours ago, cpt-hq-psql01.hq.takealot.com, ubuntu 22.04.
720 hours ago, hq-mysql-common.hq.takealot.com, ubuntu 20.04.
720 hours ago, hq-mysql-57-services-04.hq.takealot.com, ubuntu 20.04.
720 hours ago, hq-mysql-57-services-05.hq.takealot.com, ubuntu 18.04.
720 hours ago, hq-mysql-57-services-10.hq.takealot.com, ubuntu 20.04.
720 hours ago, hq-mysql-57-services-12.hq.takealot.com, ubuntu 20.04.
720 hours ago, cpt-hq-db02-b55.hq.takealot.com, ubuntu 16.04.
356 hours ago, cpt-hq-backup02.hq.takealot.com, ubuntu 20.04.
328 hours ago, cpt-hq-ns01.hq.takealot.com, ubuntu 22.04.
266 hours ago, hq-mysql-57-services-07.hq.takealot.com, ubuntu 18.04.
257 hours ago, cpt-hq-rshiny01.hq.takealot.com, ubuntu 16.04.
257 hours ago, hq-mysql-chsbe-shared.hq.takealot.com, ubuntu 20.04.
239 hours ago, cpt-hq-syslog-poc.hq.takealot.com, ubuntu 22.04.
167 hours ago, k8s-node-15.stagealot.com, ubuntu 20.04.
1 hour  ago, cpt-hq-chef02.hq.takealot.com, ubuntu 20.04.
1 hour  ago, jhb-dc-ns03.jwh.takealot.com, ubuntu 20.04.
57 minutes ago, jira-collector.hq.takealot.com, ubuntu 20.04.
53 minutes ago, hq-postgres-13.hq.takealot.com, ubuntu 20.04.
53 minutes ago, cpt-hq-ntp01.hq.takealot.com, ubuntu 20.04.
45 minutes ago, atlassian-proxy.hq.takealot.com, ubuntu 18.04.
43 minutes ago, jhb-dc-ns01.jwh.takealot.com, ubuntu 20.04.
39 minutes ago, jhb-dc-db01.jwh.takealot.com, ubuntu 20.04.
37 minutes ago, staging-smtp.hq.takealot.com, ubuntu 20.04.
35 minutes ago, cpt-hq-sensu01.hq.takealot.com, ubuntu 20.04.
33 minutes ago, cpt-dc1-scanprox01.cwh.takealot.com, ubuntu 20.04.
32 minutes ago, cpt-hq-grafana02.hq.takealot.com, ubuntu 20.04.
30 minutes ago, hq-mysql-57-services-14.hq.takealot.com, ubuntu 20.04.
30 minutes ago, cpt-hq-es02.hq.takealot.com, ubuntu 20.04.
28 minutes ago, graphite-import.hq.takealot.com, ubuntu 20.04.
27 minutes ago, jhb-dc-ntp01.jwh.takealot.com, ubuntu 20.04.
25 minutes ago, cpt-hq-logstash01.hq.takealot.com, ubuntu 20.04.
25 minutes ago, cpt-hq-mattermost01.hq.takealot.com, ubuntu 20.04.
23 minutes ago, cpt-hq-syslog01.hq.takealot.com, ubuntu 20.04.
23 minutes ago, jhb-dc-dhcp01.jwh.takealot.com, ubuntu 20.04.
22 minutes ago, jhb-dc-db02.jwh.takealot.com, ubuntu 20.04.
20 minutes ago, cpt-dc-cmk02.cwh.takealot.com, ubuntu 20.04.
19 minutes ago, cpt-hq-packetbeat01.hq.takealot.com, ubuntu 20.04.
17 minutes ago, jira-stage.stagealot.com, ubuntu 16.04.
15 minutes ago, cpt-hq-dhcp02.hq.takealot.com, ubuntu 16.04.
12 minutes ago, jhb-dc-logstash01.jwh.takealot.com, ubuntu 20.04.
9 minutes ago, cpt-dc-db02.cwh.takealot.com, ubuntu 20.04.
8 minutes ago, cpt-hq-cms01.hq.takealot.com, ubuntu 20.04.
8 minutes ago, sage-proxy.hq.takealot.com, ubuntu 16.04.
7 minutes ago, cpt-hq-db03.hq.takealot.com, ubuntu 20.04.
5 minutes ago, cpt-hq-mrdproc01.hq.takealot.com, ubuntu 20.04.
4 minutes ago, cpt-hq-kibana03.hq.takealot.com, ubuntu 20.04.
4 minutes ago, cpt-hq-smtp04.hq.takealot.com, ubuntu 20.04.
